<?xml version="1.0"?>
<!DOCTYPE service-builder PUBLIC "-//Liferay//DTD Service Builder 7.4.0//EN" "http://www.liferay.com/dtd/liferay-service-builder_7_4_0.dtd">

<service-builder dependency-injector="ds" package-path="com.liferay.training.gradebook">
    <author>hgrahul</author>
	<namespace>Gradebook</namespace>
	<!--<entity data-source="sampleDataSource" local-service="true" name="Foo" remote-service="false" session-factory="sampleSessionFactory" table="foo" tx-manager="sampleTransactionManager uuid="true"">-->
	<entity name="Assignment" local-service="true" remote-service="true" uuid="true">
		<!-- PK fields -->
		<column name="assignmentId" primary="true" type="long"></column>

		<!-- Group instance -->
		<column name="groupId" type="long"></column>

		<!-- Audit fields -->
		<column name="companyId" type="long"></column>
		<column name="userId" type="long"></column>
		<column name="userName" type="String"></column>
		<column name="createDate" type="Date"></column>
		<column name="modifiedDate" type="Date"></column>
	
		<!-- Assignment Actual Fields -->
		<column name="title" type="String" localized="true" />
		<column name="description" type="String" localized="true" />
		<column name="dueDate" type="Date" />
       
       	<!-- Order By Title Field -->
        <order by="asc">
            <order-column name="title"></order-column>
        </order>
        
        <!-- Get A List Of Assignment Based On Website Or GroupId -->
        <finder name="GroupId" return-type="Collection">
            <finder-column name="groupId"></finder-column>
        </finder>
		
		<!-- Reference For Group & Asset Hierarchy -->
		<reference entity="Group" package-path="com.liferay.portal"/>
		
		<reference entity="AssetEntry" package-path="com.liferay.portlet.asset"/>
		<reference entity="AssetTag" package-path="com.liferay.portlet.asset"/>
		<reference entity="AssetLink" package-path="com.liferay.portlet.asset"/>
	</entity>

	<entity local-service="true" name="Submission" remote-service="true">
		<!-- PK fields -->
		<column name="submissionId" primary="true" type="long"></column>

		<!-- Group instance -->
		<column name="groupId" type="long"></column>

		<!-- Audit fields -->
		<column name="companyId" type="long"></column>
		<column name="userId" type="long"></column>
		<column name="userName" type="String"></column>
		<column name="createDate" type="Date"></column>
		<column name="modifiedDate" type="Date"></column>
	
		<!-- Submission Actual Fields -->
		<column name="studentId" type="long" />
		<column name="submitDate" type="Date" />
		<column name="submissionText" type="String" />
		<column name="comment" type="String" />
		<column name="grade" type="int" />
	
		<!-- Acting As Foreign Key For Submission -->
        <column name="assignmentId" type="long"></column>
        
        <!-- Finders For The Submission -->
        <finder name="GroupId" return-type="Collection">
        	<finder-column name="groupId" />
        </finder>
        
        <finder name="G_A" return-type="Collection">
        	<finder-column name="groupId" />
        	<finder-column name="assignmentId" />
        </finder>
        
        <finder name="StudentId" return-type="Collection">
        	<finder-column name="studentId"></finder-column>
        </finder>
        
        <finder name="StudentIdAssignmentId" return-type="Collection">
        	<finder-column name="studentId" />
        	<finder-column name="assignmentId" />
        </finder>
        
        <!-- References For Asset Hierarchy -->
        <reference entity="AssetEntry" package-path="com.liferay.portlet.asset" />
        <reference entity="AssetTag" package-path="com.liferay.portlet.asset" />
	</entity>

	<!-- Define Exception Class -->
	<exceptions>
		<exception>AssignmentValidationException</exception>
		<exception>SubmissionValidationException</exception>
	</exceptions>
</service-builder>