<?xml version="1.0"?>
<!DOCTYPE service-builder PUBLIC "-//Liferay//DTD Service Builder 7.4.0//EN" "http://www.liferay.com/dtd/liferay-service-builder_7_4_0.dtd">

<service-builder dependency-injector="ds" package-path="com.liferay.training.gradebook" auto-namespace-tables="true">
    <author>hgrahul</author>
    <namespace>Gradebook</namespace>
    <entity name="Assignment" local-service="true" remote-service="true" uuid="true">
    	<!-- PK fields -->
    	<column name="assignmentId" primary="true" type="long"></column>

    	<!-- Group instance -->
    	<column name="groupId" type="long"></column>

    	<!-- Audit fields -->
    	<column name="companyId" type="long"></column>
    	<column name="userId" type="long"></column>
    	<column name="userName" type="String"></column>
    	<column name="createDate" type="Date"></column>
    	<column name="modifiedDate" type="Date"></column>
	
		<!-- Actual Assignment Field -->
		<column name="title" type="String" localized="true" />
		<column name="description" type="String" localized="true" />
		<column name="dueDate" type="Date" />
		
		<!-- Ordering Based On Title -->
		<order by="asc">
			<order-column name="title" />
		</order>
		
		<!-- Get The List Of Assignment Based On WebsiteId (GroupId) -->
		<finder return-type="Collection" name="GroupId">
			<finder-column name="groupId" />
		</finder>
		
		<!-- Adding Group Entity Services -->
		<reference entity="Group" package-path="com.liferay.portal"/>
		
		<!-- Adding Asset Entity Services -->
		<reference entity="AssetEntry" package-path="com.liferay.portlet.asset"/>
		<reference entity="AssetTag" package-path="com.liferay.portlet.asset"/>
		<reference entity="AssetLink" package-path="com.liferay.portlet.asset"/>
    </entity>
	<exceptions>
		<exception>AssignmentValidation</exception>
	</exceptions>
</service-builder>